City,Date of Ride,Fare of Ride,Ride ID
Bozeman,2024-10-20,19.65,10000
Bozeman,2025-01-18,13.47,10001
Bozeman,2024-04-30,15.24,10002
Bozeman,2024-03-18,13.6,10003
Bozeman,2024-05-28,31.77,10004
Bozeman,2024-07-14,12.16,10005
Burlington,2024-10-13,16.93,10006
Burlington,2025-01-05,10.35,10007
Burlington,2024-05-01,5.72,10008
Burlington,2024-04-29,7.14,10009
Burlington,2025-03-09,30.73,10010
Burlington,2024-05-26,29.9,10011
Burlington,2024-05-15,7.07,10012
Burlington,2025-02-23,5.26,10013
Burlington,2024-08-08,28.83,10014
Burlington,2025-02-04,38.69,10015
Burlington,2024-07-16,8.09,10016
Burlington,2024-11-01,26.51,10017
Burlington,2024-08-11,23.0,10018
Burlington,2024-05-23,9.45,10019
Burlington,2024-08-01,8.27,10020
Flagstaff,2024-09-14,13.91,10021
Flagstaff,2024-05-17,44.72,10022
Flagstaff,2024-12-08,45.65,10023
Flagstaff,2024-12-08,36.14,10024
Flagstaff,2025-01-08,36.92,10025
Flagstaff,2024-06-28,12.6,10026
Flagstaff,2024-10-06,15.51,10027
Flagstaff,2024-05-25,15.24,10028
Flagstaff,2024-07-21,15.41,10029
Flagstaff,2024-11-09,19.48,10030
Flagstaff,2024-05-12,23.4,10031
Flagstaff,2025-02-13,42.05,10032
Asheville,2024-08-23,42.47,10033
Asheville,2024-10-06,10.34,10034
Asheville,2024-11-12,5.87,10035
Asheville,2024-04-21,19.59,10036
Asheville,2024-04-03,8.08,10037
Asheville,2024-03-17,45.85,10038
Missoula,2024-04-04,36.6,10039
Missoula,2024-05-25,39.36,10040
Missoula,2024-06-11,14.11,10041
Missoula,2024-10-12,6.54,10042
Missoula,2024-12-16,41.06,10043
Juneau,2024-07-17,24.56,10044
Juneau,2024-10-12,8.76,10045
Juneau,2024-06-05,6.33,10046
Juneau,2025-02-13,45.28,10047
Juneau,2024-06-05,27.4,10048
Juneau,2024-05-03,15.15,10049
Juneau,2024-11-07,17.95,10050
Juneau,2024-06-09,41.1,10051
Casper,2024-12-16,15.28,10052
Casper,2024-12-29,23.84,10053
Casper,2024-10-25,41.69,10054
Casper,2024-05-14,45.9,10055
Casper,2025-01-28,17.53,10056
Casper,2024-07-27,42.79,10057
Casper,2025-01-12,45.76,10058
Casper,2024-10-17,27.92,10059
Casper,2024-06-29,16.23,10060
Casper,2024-11-10,7.25,10061
Great Falls,2024-03-21,6.33,10062
Great Falls,2024-07-22,34.0,10063
Great Falls,2024-06-11,19.88,10064
Great Falls,2025-01-09,43.71,10065
Great Falls,2024-08-17,28.39,10066
Great Falls,2025-02-26,22.3,10067
Cheyenne,2024-11-11,45.48,10068
Cheyenne,2024-04-20,12.33,10069
Cheyenne,2024-09-27,40.49,10070
Cheyenne,2024-10-10,5.79,10071
Cheyenne,2025-02-04,21.55,10072
Cheyenne,2025-02-07,11.68,10073
Cheyenne,2024-08-18,20.47,10074
Cheyenne,2024-10-18,32.6,10075
Cheyenne,2024-09-09,45.84,10076
Cheyenne,2024-05-04,22.09,10077
Cheyenne,2024-08-05,37.96,10078
Cheyenne,2024-10-26,7.83,10079
Cheyenne,2024-07-17,7.97,10080
Cheyenne,2024-09-03,39.45,10081
Fargo,2025-02-08,44.38,10082
Fargo,2024-07-07,42.6,10083
Fargo,2024-08-20,29.37,10084
Fargo,2024-08-07,49.45,10085
Fargo,2024-09-03,29.59,10086
Fargo,2024-03-26,47.52,10087
Fargo,2024-06-25,47.97,10088
Fargo,2024-05-16,18.5,10089
Fargo,2025-02-16,28.32,10090
Fargo,2024-03-23,27.58,10091
Fargo,2025-01-08,13.18,10092
Fargo,2025-01-03,14.43,10093
Duluth,2025-03-12,44.31,10094
Duluth,2024-12-09,36.14,10095
Duluth,2024-10-27,31.87,10096
Duluth,2024-04-04,22.78,10097
Duluth,2024-11-27,27.08,10098
Duluth,2024-12-16,26.54,10099
Beaufort,2024-07-09,10.46,10100
Beaufort,2024-10-02,8.07,10101
Beaufort,2024-11-29,39.57,10102
Beaufort,2024-04-07,11.38,10103
Beaufort,2024-08-16,48.5,10104
Beaufort,2024-07-20,46.24,10105
Beaufort,2024-05-04,39.34,10106
Beaufort,2024-03-20,33.19,10107
Beaufort,2025-01-21,45.42,10108
Paducah,2025-03-11,44.82,10109
Paducah,2024-05-26,25.58,10110
Paducah,2024-08-08,37.17,10111
Paducah,2024-07-25,22.0,10112
Paducah,2024-11-22,24.95,10113
Paducah,2025-01-14,49.66,10114
Paducah,2024-11-11,14.83,10115
Paducah,2025-03-14,13.71,10116
Paducah,2024-10-06,8.35,10117
Paducah,2024-10-16,42.43,10118
Paducah,2024-10-31,33.64,10119
Paducah,2025-03-09,39.86,10120
Paducah,2024-07-07,13.13,10121
Paducah,2025-02-22,32.83,10122
Helena,2024-07-20,43.4,10123
Helena,2024-11-13,25.94,10124
Helena,2025-02-18,5.28,10125
Helena,2025-03-06,31.12,10126
Helena,2024-09-30,8.51,10127
Helena,2024-09-27,46.84,10128
Helena,2025-03-05,40.45,10129
Helena,2024-10-31,16.23,10130
Helena,2024-10-20,40.19,10131
Helena,2024-11-02,7.99,10132
Helena,2024-03-26,46.17,10133
Helena,2025-03-13,17.8,10134
Sioux City,2024-08-02,5.96,10135
Sioux City,2024-04-24,49.41,10136
Sioux City,2024-12-16,21.61,10137
Sioux City,2024-12-15,27.57,10138
Sioux City,2024-04-21,32.34,10139
Sioux City,2024-05-07,44.45,10140
Sioux City,2024-04-04,42.0,10141
Sioux City,2024-10-16,25.96,10142
Sioux City,2024-09-10,29.21,10143
Sioux City,2024-04-20,11.31,10144
Sioux City,2025-01-22,23.14,10145
Sioux City,2024-03-28,30.05,10146
Pocatello,2024-08-06,34.8,10147
Pocatello,2024-05-08,14.92,10148
Pocatello,2024-04-04,45.44,10149
Pocatello,2024-12-31,7.6,10150
Pocatello,2024-10-17,46.28,10151
Pocatello,2025-01-31,13.2,10152
Pocatello,2025-01-27,42.04,10153
Pocatello,2024-11-12,7.07,10154
Pocatello,2024-10-11,45.27,10155
Pocatello,2025-02-23,42.36,10156
Pocatello,2024-12-16,39.25,10157
Pocatello,2024-03-15,10.17,10158
Pocatello,2024-09-22,39.49,10159
Pocatello,2024-12-07,38.56,10160
Bowling Green,2024-09-13,39.92,10161
Bowling Green,2025-01-19,10.11,10162
Bowling Green,2024-05-05,17.35,10163
Bowling Green,2024-06-21,34.12,10164
Bowling Green,2024-08-23,19.09,10165
Bowling Green,2024-08-06,27.7,10166
Bowling Green,2024-05-12,48.7,10167
Prescott,2024-11-26,32.67,10168
Prescott,2024-03-24,34.64,10169
Prescott,2025-01-29,37.85,10170
Prescott,2024-04-02,36.49,10171
Prescott,2024-11-22,6.23,10172
Prescott,2024-08-18,7.41,10173
Prescott,2024-11-12,46.71,10174
Prescott,2024-03-31,24.08,10175
Laramie,2024-09-23,26.87,10176
Laramie,2024-10-30,20.15,10177
Laramie,2025-01-10,29.53,10178
Laramie,2025-02-16,22.13,10179
Laramie,2024-05-08,49.9,10180
Laramie,2024-04-20,40.98,10181
Laramie,2024-12-07,32.06,10182
Laramie,2025-02-11,25.69,10183
Laramie,2024-04-13,17.95,10184
Laramie,2024-10-26,27.7,10185
Laramie,2024-12-07,13.85,10186
Laramie,2024-12-16,33.29,10187
Klamath Falls,2024-07-13,13.84,10188
Klamath Falls,2024-06-20,12.17,10189
Klamath Falls,2024-10-03,19.46,10190
Klamath Falls,2024-03-18,37.87,10191
Klamath Falls,2024-08-08,23.0,10192
Klamath Falls,2025-02-19,26.57,10193
Grand Forks,2024-05-15,7.1,10194
Grand Forks,2024-04-20,48.57,10195
Grand Forks,2024-12-19,38.51,10196
Grand Forks,2025-03-10,46.61,10197
Grand Forks,2024-07-23,14.26,10198
Grand Forks,2024-11-21,46.92,10199
Grand Forks,2024-11-18,48.11,10200
Grand Forks,2025-01-16,45.42,10201
Grand Forks,2024-08-21,26.93,10202
Hattiesburg,2024-07-28,42.26,10203
Hattiesburg,2024-12-16,38.22,10204
Hattiesburg,2024-08-27,6.39,10205
Hattiesburg,2024-06-18,43.35,10206
Hattiesburg,2024-07-28,26.23,10207
Hattiesburg,2024-04-15,17.0,10208
Hattiesburg,2024-04-13,8.81,10209
Hattiesburg,2024-10-31,29.55,10210
Hattiesburg,2024-04-16,22.24,10211
Hattiesburg,2025-01-31,36.58,10212
Hattiesburg,2024-03-20,19.32,10213
Fairbanks,2025-01-19,49.74,10214
Fairbanks,2024-07-30,7.69,10215
Fairbanks,2024-05-14,9.47,10216
Fairbanks,2024-12-24,43.61,10217
Fairbanks,2025-01-06,39.38,10218
Fairbanks,2024-03-20,30.8,10219
Fairbanks,2024-08-02,10.44,10220
Cookeville,2024-07-21,45.35,10221
Cookeville,2025-01-20,47.96,10222
Cookeville,2024-06-17,31.54,10223
Cookeville,2024-11-05,10.15,10224
Cookeville,2025-01-27,9.99,10225
Cookeville,2024-07-25,28.55,10226
Cookeville,2024-06-25,16.17,10227
Cookeville,2024-12-17,17.31,10228
Cookeville,2024-11-04,27.93,10229
Cookeville,2024-08-17,11.6,10230
Aberdeen,2024-10-21,5.96,10231
Aberdeen,2024-03-30,7.55,10232
Aberdeen,2024-11-27,23.91,10233
Aberdeen,2024-10-16,31.39,10234
Aberdeen,2025-01-16,17.31,10235
Aberdeen,2024-05-09,34.02,10236
Aberdeen,2024-06-23,28.97,10237
Aberdeen,2024-07-22,25.45,10238
Aberdeen,2024-08-02,11.91,10239
Aberdeen,2024-11-18,45.87,10240
Aberdeen,2024-06-04,43.99,10241
Aberdeen,2025-02-20,22.83,10242
Aberdeen,2024-05-15,18.87,10243
Morgantown,2024-08-01,18.78,10244
Morgantown,2025-02-19,35.25,10245
Morgantown,2024-07-31,31.56,10246
Morgantown,2024-04-13,33.41,10247
Morgantown,2025-02-14,34.24,10248
Morgantown,2025-03-11,9.55,10249
Carson City,2025-01-24,24.46,10250
Carson City,2025-02-25,27.83,10251
Carson City,2024-06-15,24.38,10252
Carson City,2024-10-31,11.15,10253
Carson City,2024-10-02,41.89,10254
Carson City,2024-11-10,6.41,10255
Carson City,2024-04-11,37.65,10256
Carson City,2024-07-14,49.79,10257
Carson City,2024-08-29,10.86,10258
Carson City,2025-01-24,47.44,10259
Carson City,2024-06-18,12.6,10260
Carson City,2024-06-18,18.21,10261
Mankato,2025-01-17,12.67,10262
Mankato,2025-03-11,30.44,10263
Mankato,2024-06-06,10.34,10264
Mankato,2024-08-20,32.44,10265
Mankato,2024-11-01,43.35,10266
Mankato,2024-04-11,15.9,10267
Mankato,2024-12-20,46.9,10268
Mankato,2024-06-05,38.33,10269
Mankato,2024-08-19,19.51,10270
Mankato,2024-09-18,49.97,10271
Mankato,2024-05-11,22.67,10272
Mankato,2024-10-06,35.01,10273
Walla Walla,2024-09-07,24.78,10274
Walla Walla,2024-03-20,20.47,10275
Walla Walla,2024-03-21,26.0,10276
Walla Walla,2024-07-23,33.18,10277
Walla Walla,2024-12-02,16.3,10278
Walla Walla,2024-03-28,48.52,10279
Walla Walla,2024-12-10,7.83,10280
Walla Walla,2024-10-29,10.56,10281
Walla Walla,2024-05-06,40.31,10282
Walla Walla,2024-04-15,48.78,10283
Walla Walla,2025-01-26,10.63,10284
Harrisonburg,2024-07-07,22.26,10285
Harrisonburg,2024-07-30,27.43,10286
Harrisonburg,2025-02-05,15.14,10287
Harrisonburg,2024-03-16,31.01,10288
Harrisonburg,2025-02-19,23.5,10289
Harrisonburg,2024-12-18,36.84,10290
Harrisonburg,2024-03-24,12.01,10291
Harrisonburg,2024-11-08,13.53,10292
Harrisonburg,2024-09-13,16.11,10293
Cedar City,2024-06-22,6.61,10294
Cedar City,2025-02-17,14.53,10295
Cedar City,2025-02-19,37.78,10296
Cedar City,2024-12-24,15.29,10297
Cedar City,2024-07-14,37.85,10298
Cedar City,2024-06-11,5.5,10299
Cedar City,2024-07-19,5.73,10300
Cedar City,2025-03-11,36.75,10301
Cedar City,2024-09-28,23.38,10302
Steamboat Springs,2025-03-04,48.51,10303
Steamboat Springs,2025-02-13,22.34,10304
Steamboat Springs,2024-08-16,11.6,10305
Steamboat Springs,2025-01-19,32.07,10306
Steamboat Springs,2025-02-15,45.92,10307
Steamboat Springs,2025-01-17,26.74,10308
Steamboat Springs,2024-10-02,29.2,10309
Steamboat Springs,2025-02-25,12.75,10310
Steamboat Springs,2024-06-14,11.09,10311
Steamboat Springs,2024-09-09,21.64,10312
Steamboat Springs,2024-09-07,46.86,10313
Steamboat Springs,2024-08-27,47.06,10314
Lewiston,2024-07-03,33.7,10315
Lewiston,2024-12-20,35.12,10316
Lewiston,2024-10-23,40.34,10317
Lewiston,2024-04-12,19.21,10318
Lewiston,2024-11-02,39.49,10319
Lewiston,2024-07-26,15.37,10320
Lewiston,2024-05-08,35.88,10321
Lewiston,2024-04-12,30.72,10322
Lewiston,2024-11-09,21.17,10323
Lewiston,2024-09-25,29.73,10324
Lewiston,2024-09-18,48.85,10325
Lewiston,2024-12-08,19.17,10326
Lewiston,2024-07-08,38.01,10327
Lewiston,2024-06-22,42.02,10328
Naperville,2024-08-01,24.45,10329
Naperville,2024-12-29,6.89,10330
Naperville,2024-09-25,44.68,10331
Naperville,2024-07-26,14.84,10332
Naperville,2025-01-05,20.05,10333
Naperville,2024-12-27,29.64,10334
Naperville,2024-12-25,12.04,10335
Naperville,2024-10-08,39.18,10336
Naperville,2024-07-20,42.68,10337
Naperville,2024-08-13,7.81,10338
Naperville,2024-06-08,6.94,10339
Naperville,2024-03-17,43.55,10340
Naperville,2025-03-07,18.95,10341
Naperville,2024-07-22,5.33,10342
Naperville,2024-08-02,45.1,10343
Naperville,2024-06-10,37.88,10344
Naperville,2025-03-03,21.91,10345
Naperville,2024-10-31,35.58,10346
Naperville,2024-07-26,16.85,10347
Naperville,2024-03-23,16.3,10348
Naperville,2025-03-05,36.82,10349
Naperville,2025-03-14,37.27,10350
Naperville,2024-05-22,19.19,10351
Naperville,2024-11-30,26.77,10352
Eugene,2024-10-31,45.49,10353
Eugene,2025-01-17,22.93,10354
Eugene,2024-10-04,47.48,10355
Eugene,2025-02-08,33.95,10356
Eugene,2024-11-14,18.88,10357
Eugene,2024-12-31,38.48,10358
Eugene,2024-08-25,49.98,10359
Eugene,2024-12-06,41.94,10360
Eugene,2024-05-24,33.11,10361
Eugene,2025-01-30,16.61,10362
Eugene,2024-04-13,47.24,10363
Eugene,2024-07-17,27.86,10364
Eugene,2024-09-27,32.28,10365
Eugene,2025-03-08,38.2,10366
Eugene,2024-11-23,43.66,10367
Eugene,2024-11-04,25.43,10368
Eugene,2024-10-14,21.05,10369
Eugene,2025-02-28,16.47,10370
Eugene,2024-05-31,19.37,10371
Eugene,2024-03-31,31.26,10372
Tacoma,2025-03-11,14.57,10373
Tacoma,2024-11-19,34.42,10374
Tacoma,2024-11-23,9.09,10375
Tacoma,2024-11-18,21.67,10376
Tacoma,2024-06-16,31.44,10377
Tacoma,2025-03-05,26.45,10378
Tacoma,2024-09-04,36.26,10379
Tacoma,2024-05-12,27.35,10380
Tacoma,2025-01-01,40.85,10381
Tacoma,2025-01-03,27.79,10382
Reno,2024-05-23,20.32,10383
Reno,2024-03-27,9.16,10384
Reno,2024-09-22,10.76,10385
Reno,2024-07-05,43.71,10386
Reno,2024-07-23,49.13,10387
Reno,2025-03-11,29.88,10388
Reno,2024-05-27,31.97,10389
Reno,2024-04-29,45.41,10390
Reno,2024-11-05,28.22,10391
Reno,2024-07-11,7.8,10392
Reno,2024-04-10,32.34,10393
Reno,2024-08-09,35.09,10394
Reno,2024-05-04,47.41,10395
Augusta,2024-10-21,49.25,10396
Augusta,2025-03-09,16.18,10397
Augusta,2024-04-16,6.21,10398
Augusta,2024-08-11,36.68,10399
Augusta,2024-04-02,44.9,10400
Augusta,2025-03-13,29.67,10401
Augusta,2024-10-31,19.47,10402
Augusta,2024-11-18,46.19,10403
Augusta,2024-10-05,17.16,10404
Augusta,2025-02-13,20.39,10405
Augusta,2025-01-28,21.96,10406
Augusta,2024-03-25,18.06,10407
Augusta,2024-04-03,49.01,10408
Augusta,2024-07-28,25.23,10409
Augusta,2024-08-02,31.14,10410
Augusta,2024-11-16,28.51,10411
Augusta,2024-03-20,5.33,10412
Augusta,2024-06-10,10.2,10413
Augusta,2024-10-25,38.19,10414
Augusta,2025-02-20,14.61,10415
Augusta,2024-12-29,6.11,10416
Fort Collins,2024-07-26,5.54,10417
Fort Collins,2024-03-28,38.9,10418
Fort Collins,2024-03-15,8.74,10419
Fort Collins,2025-02-03,48.37,10420
Fort Collins,2025-02-01,5.57,10421
Fort Collins,2025-02-18,40.57,10422
Fort Collins,2024-04-25,26.69,10423
Fort Collins,2024-10-09,22.4,10424
Fort Collins,2024-06-04,19.39,10425
Fort Collins,2024-05-04,31.86,10426
Fort Collins,2024-06-06,26.53,10427
Fort Collins,2024-12-25,7.11,10428
Fort Collins,2024-07-30,48.25,10429
Sioux Falls,2024-05-22,5.98,10430
Sioux Falls,2024-08-12,28.41,10431
Sioux Falls,2024-07-08,46.29,10432
Sioux Falls,2024-07-05,10.05,10433
Sioux Falls,2025-01-18,15.62,10434
Sioux Falls,2024-11-12,38.2,10435
Sioux Falls,2024-04-08,7.34,10436
Sioux Falls,2024-08-16,17.68,10437
Sioux Falls,2024-06-23,46.8,10438
Sioux Falls,2024-06-18,23.04,10439
Sioux Falls,2024-10-02,17.93,10440
Sioux Falls,2025-01-28,15.69,10441
Sioux Falls,2024-09-21,39.18,10442
Sioux Falls,2024-06-05,30.98,10443
Sioux Falls,2024-11-18,34.85,10444
Sioux Falls,2024-08-02,23.41,10445
Madison,2025-01-20,49.27,10446
Madison,2025-01-31,44.45,10447
Madison,2024-12-05,36.4,10448
Madison,2025-01-03,41.39,10449
Madison,2024-05-16,46.8,10450
Madison,2024-11-18,5.67,10451
Madison,2024-06-02,6.9,10452
Madison,2024-05-11,12.99,10453
Madison,2024-05-17,5.27,10454
Madison,2024-06-30,13.83,10455
Madison,2024-12-01,46.69,10456
Madison,2025-01-09,14.87,10457
Madison,2024-06-20,42.23,10458
Madison,2024-10-28,14.61,10459
Madison,2024-03-26,24.38,10460
Madison,2025-02-24,33.7,10461
Madison,2024-09-05,32.9,10462
Madison,2024-05-08,14.3,10463
Madison,2024-07-09,6.8,10464
Salem,2024-05-09,32.87,10465
Salem,2024-04-09,30.43,10466
Salem,2025-01-15,26.82,10467
Salem,2025-01-25,34.79,10468
Salem,2024-07-04,10.87,10469
Salem,2024-08-10,19.07,10470
Salem,2024-08-26,41.36,10471
Salem,2024-04-27,21.0,10472
Salem,2025-01-18,31.95,10473
Salem,2024-07-05,33.3,10474
Salem,2024-12-08,10.53,10475
Salem,2024-10-14,49.07,10476
Salem,2024-11-21,45.54,10477
Salem,2025-01-21,28.05,10478
Salem,2024-07-21,11.68,10479
Salem,2025-03-14,20.56,10480
Salem,2024-03-23,28.31,10481
Salem,2024-06-26,46.0,10482
Salem,2024-04-14,18.29,10483
Salem,2025-01-02,8.45,10484
Salem,2024-07-31,38.48,10485
Salem,2024-09-24,17.26,10486
Salem,2024-11-04,28.71,10487
Salem,2025-01-06,44.28,10488
Springfield,2024-09-06,47.83,10489
Springfield,2024-03-16,47.77,10490
Springfield,2024-04-29,33.04,10491
Springfield,2025-02-20,45.59,10492
Springfield,2024-12-27,49.92,10493
Springfield,2024-04-03,36.75,10494
Springfield,2024-11-26,43.42,10495
Springfield,2024-04-13,12.81,10496
Springfield,2024-07-13,43.25,10497
Springfield,2024-07-23,43.55,10498
Knoxville,2024-07-03,14.79,10499
Knoxville,2024-09-05,12.03,10500
Knoxville,2024-03-15,40.5,10501
Knoxville,2024-04-04,44.74,10502
Knoxville,2025-01-04,34.91,10503
Knoxville,2024-03-31,44.14,10504
Knoxville,2024-11-08,7.44,10505
Knoxville,2024-09-25,13.0,10506
Knoxville,2025-02-26,37.07,10507
Knoxville,2025-01-03,8.84,10508
Knoxville,2024-12-31,30.49,10509
Knoxville,2024-04-11,36.11,10510
Knoxville,2024-11-13,43.5,10511
Knoxville,2024-05-22,19.12,10512
Knoxville,2024-04-26,13.23,10513
Knoxville,2024-12-10,26.15,10514
Knoxville,2025-01-31,42.45,10515
Knoxville,2024-05-06,37.01,10516
Knoxville,2024-09-02,10.08,10517
Knoxville,2025-01-14,22.93,10518
Knoxville,2024-12-01,42.72,10519
Knoxville,2024-10-08,43.63,10520
Chattanooga,2024-12-29,23.79,10521
Chattanooga,2024-11-09,20.73,10522
Chattanooga,2024-04-28,44.36,10523
Chattanooga,2024-07-18,42.78,10524
Chattanooga,2025-01-27,26.22,10525
Chattanooga,2024-10-17,32.21,10526
Chattanooga,2024-11-19,7.09,10527
Chattanooga,2024-07-12,49.23,10528
Chattanooga,2025-03-11,29.17,10529
Chattanooga,2024-12-17,9.43,10530
Chattanooga,2024-09-21,15.4,10531
Chattanooga,2024-05-28,42.59,10532
Chattanooga,2024-10-29,5.3,10533
Chattanooga,2024-04-21,41.79,10534
Chattanooga,2024-08-18,25.1,10535
Tallahassee,2024-07-04,14.57,10536
Tallahassee,2025-02-26,32.35,10537
Tallahassee,2024-08-12,29.09,10538
Tallahassee,2024-10-12,9.08,10539
Tallahassee,2024-12-10,46.82,10540
Tallahassee,2025-01-11,16.0,10541
Tallahassee,2024-12-30,49.5,10542
Tallahassee,2024-09-29,40.61,10543
Tallahassee,2024-06-09,12.94,10544
Tallahassee,2025-02-21,41.9,10545
Tallahassee,2024-09-13,43.09,10546
Tallahassee,2024-11-14,45.55,10547
Tallahassee,2024-10-02,11.5,10548
Tallahassee,2024-10-18,26.34,10549
Tallahassee,2024-12-26,30.58,10550
Tallahassee,2024-11-08,19.31,10551
Tallahassee,2024-06-17,42.43,10552
Tallahassee,2024-07-30,35.48,10553
Tallahassee,2024-05-12,5.07,10554
Tallahassee,2024-03-16,25.52,10555
Tallahassee,2024-11-14,35.53,10556
Tallahassee,2024-12-13,44.57,10557
Tallahassee,2024-10-06,43.46,10558
Tallahassee,2024-09-23,37.27,10559
Tallahassee,2024-06-02,10.62,10560
Shreveport,2024-12-24,35.22,10561
Shreveport,2024-12-13,6.61,10562
Shreveport,2024-08-18,38.23,10563
Shreveport,2024-05-09,15.43,10564
Shreveport,2024-08-25,38.46,10565
Shreveport,2025-01-02,41.13,10566
Shreveport,2024-09-01,41.32,10567
Shreveport,2024-05-08,32.57,10568
Shreveport,2025-03-03,12.52,10569
Shreveport,2024-09-25,21.42,10570
Shreveport,2025-03-04,47.81,10571
Des Moines,2024-11-16,47.39,10572
Des Moines,2024-07-26,47.38,10573
Des Moines,2024-03-24,48.54,10574
Des Moines,2025-02-16,41.1,10575
Des Moines,2025-02-26,28.78,10576
Des Moines,2025-01-21,18.62,10577
Des Moines,2024-08-07,15.42,10578
Des Moines,2024-06-21,48.51,10579
Des Moines,2025-01-08,49.09,10580
Des Moines,2024-12-25,25.09,10581
Des Moines,2024-04-30,5.51,10582
Des Moines,2024-08-30,38.17,10583
Des Moines,2024-10-04,16.74,10584
Des Moines,2024-12-27,5.72,10585
Des Moines,2024-10-28,44.86,10586
Des Moines,2025-03-02,5.27,10587
Des Moines,2024-05-02,6.98,10588
Des Moines,2024-10-22,48.18,10589
Savannah,2025-02-04,28.11,10590
Savannah,2024-08-05,27.05,10591
Savannah,2024-10-13,46.15,10592
Savannah,2024-08-30,38.99,10593
Savannah,2024-03-27,42.58,10594
Savannah,2025-02-14,30.91,10595
Savannah,2024-09-22,40.37,10596
Savannah,2025-01-23,34.18,10597
Savannah,2024-08-20,31.34,10598
Savannah,2024-11-25,9.33,10599
Savannah,2024-08-12,32.92,10600
Savannah,2025-03-05,35.55,10601
Savannah,2024-12-30,32.16,10602
Savannah,2024-08-30,17.93,10603
Savannah,2024-09-03,6.89,10604
Savannah,2024-06-24,6.56,10605
Savannah,2024-12-02,15.54,10606
Little Rock,2024-07-14,15.71,10607
Little Rock,2024-03-29,38.62,10608
Little Rock,2025-02-23,7.2,10609
Little Rock,2025-01-19,49.61,10610
Little Rock,2025-01-02,40.56,10611
Little Rock,2024-11-04,14.37,10612
Little Rock,2024-06-06,45.41,10613
Little Rock,2025-01-02,20.1,10614
Little Rock,2024-09-03,15.21,10615
Little Rock,2024-10-21,40.82,10616
Little Rock,2024-11-17,39.41,10617
Little Rock,2024-08-31,10.3,10618
Little Rock,2024-07-14,26.27,10619
Mobile,2025-01-22,32.13,10620
Mobile,2025-02-07,35.99,10621
Mobile,2024-12-18,37.58,10622
Mobile,2024-07-31,35.3,10623
Mobile,2024-06-06,37.54,10624
Mobile,2024-05-28,48.73,10625
Mobile,2024-08-18,48.67,10626
Mobile,2024-08-21,29.01,10627
Mobile,2024-05-08,28.15,10628
Mobile,2024-11-22,42.51,10629
Mobile,2024-07-18,25.23,10630
Mobile,2024-07-23,43.55,10631
Mobile,2024-07-20,17.35,10632
Mobile,2025-02-27,47.03,10633
Mobile,2024-04-18,15.07,10634
Mobile,2025-02-11,12.75,10635
Mobile,2024-12-24,7.12,10636
Winston-Salem,2024-11-04,36.85,10637
Winston-Salem,2024-05-30,15.62,10638
Winston-Salem,2025-01-26,27.17,10639
Winston-Salem,2024-07-23,15.91,10640
Winston-Salem,2024-03-20,22.33,10641
Winston-Salem,2024-07-29,27.33,10642
Winston-Salem,2024-09-19,27.57,10643
Winston-Salem,2024-06-11,45.99,10644
Winston-Salem,2024-09-02,29.23,10645
Winston-Salem,2024-11-09,8.74,10646
Winston-Salem,2025-01-31,12.84,10647
Winston-Salem,2024-10-04,8.12,10648
Winston-Salem,2024-04-20,38.74,10649
Winston-Salem,2024-09-15,21.2,10650
Columbia,2024-10-29,22.4,10651
Columbia,2024-10-29,46.43,10652
Columbia,2024-07-27,30.65,10653
Columbia,2025-01-29,16.05,10654
Columbia,2024-08-15,23.57,10655
Columbia,2024-03-23,17.12,10656
Columbia,2024-04-20,17.17,10657
Columbia,2024-03-15,39.97,10658
Columbia,2024-05-06,46.62,10659
Columbia,2024-03-30,19.95,10660
Columbia,2024-06-04,46.87,10661
Columbia,2024-04-07,41.73,10662
Columbia,2024-05-31,27.75,10663
Columbia,2024-11-17,8.05,10664
Columbia,2024-04-15,13.06,10665
Columbia,2024-04-23,13.65,10666
Columbia,2024-12-18,7.21,10667
Columbia,2024-08-10,18.33,10668
Columbia,2024-08-27,23.43,10669
Columbia,2024-11-04,33.39,10670
Columbia,2024-07-08,8.24,10671
Columbia,2024-11-03,24.69,10672
Columbia,2024-10-08,7.4,10673
Columbia,2024-06-09,46.06,10674
Columbia,2024-06-06,10.63,10675
Baton Rouge,2024-04-10,18.79,10676
Baton Rouge,2024-04-15,37.84,10677
Baton Rouge,2024-03-24,23.75,10678
Baton Rouge,2024-08-03,42.49,10679
Baton Rouge,2024-06-08,21.51,10680
Baton Rouge,2025-03-13,12.52,10681
Baton Rouge,2024-07-06,37.92,10682
Baton Rouge,2024-10-28,25.2,10683
Baton Rouge,2025-01-04,22.37,10684
Baton Rouge,2024-03-29,10.51,10685
Baton Rouge,2024-09-29,16.87,10686
Baton Rouge,2025-02-28,17.49,10687
Baton Rouge,2024-08-02,5.01,10688
Baton Rouge,2025-01-09,48.7,10689
Baton Rouge,2024-11-05,21.36,10690
Baton Rouge,2024-10-17,23.12,10691
Baton Rouge,2025-02-11,46.03,10692
Baton Rouge,2024-08-11,13.24,10693
Spokane,2024-08-02,49.44,10694
Spokane,2024-03-29,9.1,10695
Spokane,2024-08-07,18.68,10696
Spokane,2024-09-29,32.52,10697
Spokane,2024-10-21,8.11,10698
Spokane,2025-01-26,11.09,10699
Spokane,2025-01-09,6.42,10700
Spokane,2024-07-23,42.88,10701
Spokane,2025-01-26,22.27,10702
Spokane,2024-08-04,16.73,10703
Spokane,2024-07-10,20.99,10704
Spokane,2024-05-23,39.28,10705
Spokane,2024-04-09,45.8,10706
Spokane,2025-02-08,37.53,10707
Spokane,2024-12-11,20.19,10708
Spokane,2024-07-03,40.55,10709
Spokane,2024-09-09,21.9,10710
Spokane,2025-01-11,12.82,10711
Toledo,2024-08-27,34.31,10712
Toledo,2024-07-18,37.18,10713
Toledo,2025-01-10,36.83,10714
Toledo,2024-04-23,41.76,10715
Toledo,2024-05-15,33.23,10716
Toledo,2024-06-25,41.15,10717
Toledo,2025-01-26,42.62,10718
Toledo,2024-05-02,6.43,10719
Toledo,2024-08-03,21.59,10720
Toledo,2025-01-13,32.31,10721
Toledo,2024-04-14,10.34,10722
Toledo,2025-02-03,24.87,10723
Fayetteville,2024-12-16,36.53,10724
Fayetteville,2024-04-03,35.36,10725
Fayetteville,2024-06-25,24.48,10726
Fayetteville,2024-10-08,27.9,10727
Fayetteville,2024-04-06,33.4,10728
Fayetteville,2024-04-04,35.83,10729
Fayetteville,2024-10-22,6.32,10730
Fayetteville,2024-11-26,15.16,10731
Fayetteville,2025-03-12,32.4,10732
Fayetteville,2024-12-31,19.07,10733
Fayetteville,2025-03-10,24.5,10734
Fayetteville,2024-07-03,5.25,10735
Fayetteville,2025-02-27,5.73,10736
Fayetteville,2024-12-05,24.37,10737
Huntsville,2024-05-14,40.07,10738
Huntsville,2024-12-17,40.76,10739
Huntsville,2024-04-04,31.43,10740
Huntsville,2024-08-21,47.52,10741
Huntsville,2024-09-30,41.94,10742
Huntsville,2024-09-08,38.16,10743
Huntsville,2024-06-26,44.52,10744
Huntsville,2025-03-02,7.41,10745
Huntsville,2024-08-15,7.68,10746
Huntsville,2024-07-17,46.56,10747
Huntsville,2024-04-13,21.26,10748
Huntsville,2024-10-14,17.79,10749
Huntsville,2024-08-20,15.1,10750
Huntsville,2024-05-10,44.06,10751
Huntsville,2024-04-22,42.47,10752
Huntsville,2025-01-21,30.41,10753
Huntsville,2024-12-15,28.39,10754
Huntsville,2024-03-30,37.26,10755
Montgomery,2024-12-16,9.57,10756
Montgomery,2024-11-17,5.04,10757
Montgomery,2024-12-06,30.47,10758
Montgomery,2024-07-25,16.85,10759
Montgomery,2025-03-10,43.65,10760
Montgomery,2025-02-18,20.27,10761
Montgomery,2024-05-29,39.78,10762
Montgomery,2025-02-13,14.16,10763
Montgomery,2024-08-25,17.67,10764
Montgomery,2024-07-06,13.26,10765
Akron,2024-08-27,36.81,10766
Akron,2024-07-01,27.66,10767
Akron,2024-08-30,47.07,10768
Akron,2024-12-18,33.27,10769
Akron,2024-10-10,6.56,10770
Akron,2024-07-07,11.44,10771
Akron,2025-02-22,29.35,10772
Akron,2024-08-17,35.66,10773
Akron,2024-05-27,25.13,10774
Akron,2025-02-24,39.63,10775
Akron,2024-04-08,43.83,10776
Akron,2024-07-30,29.11,10777
Akron,2024-06-04,49.01,10778
Akron,2024-06-16,8.6,10779
Akron,2024-05-12,48.74,10780
Akron,2024-05-09,23.89,10781
Rochester,2024-05-21,40.33,10782
Rochester,2025-02-27,7.74,10783
Rochester,2024-05-01,45.52,10784
Rochester,2025-02-05,45.66,10785
Rochester,2024-03-23,9.76,10786
Rochester,2025-01-31,46.52,10787
Rochester,2024-08-13,40.46,10788
Rochester,2025-03-10,39.77,10789
Rochester,2024-06-21,20.05,10790
Rochester,2024-07-19,28.56,10791
Rochester,2024-05-14,31.46,10792
Rochester,2024-05-31,43.61,10793
Rochester,2025-03-08,34.36,10794
Rochester,2024-04-10,48.45,10795
Rochester,2024-11-10,16.72,10796
Rochester,2024-12-01,39.67,10797
Rochester,2025-01-22,30.41,10798
Rochester,2024-12-01,29.21,10799
Rochester,2024-06-16,43.96,10800
Rochester,2024-06-17,14.49,10801
Providence,2024-09-09,29.04,10802
Providence,2024-08-08,24.67,10803
Providence,2025-01-06,37.09,10804
Providence,2024-03-16,19.84,10805
Providence,2024-06-09,33.58,10806
Providence,2025-02-11,35.99,10807
Providence,2024-04-02,21.08,10808
Providence,2024-07-29,19.49,10809
Providence,2025-02-06,19.33,10810
Providence,2024-05-09,11.42,10811
Providence,2024-08-22,20.16,10812
Providence,2024-05-05,39.52,10813
Providence,2024-08-05,43.18,10814
Boise,2024-08-20,12.94,10815
Boise,2024-10-17,21.27,10816
Boise,2024-04-30,34.62,10817
Boise,2024-04-03,26.73,10818
Boise,2024-10-07,36.07,10819
Boise,2024-05-11,35.81,10820
Boise,2024-12-01,30.42,10821
Boise,2024-10-07,29.85,10822
Boise,2024-08-20,21.7,10823
Boise,2024-05-28,20.97,10824
Boise,2024-08-04,45.45,10825
Boise,2025-02-25,31.99,10826
Boise,2024-08-19,38.58,10827
Boise,2024-04-21,26.7,10828
Boise,2024-08-22,35.32,10829
Boise,2024-09-30,22.74,10830
Boise,2024-06-14,45.6,10831
Boise,2024-04-23,29.34,10832
Boise,2024-12-21,7.5,10833
Santa Fe,2025-01-15,28.27,10834
Santa Fe,2024-04-23,5.23,10835
Santa Fe,2024-03-21,39.54,10836
Santa Fe,2024-10-12,15.0,10837
Santa Fe,2024-05-14,45.53,10838
Santa Fe,2024-08-29,46.17,10839
Santa Fe,2024-08-19,39.98,10840
Santa Fe,2024-11-11,32.65,10841
Santa Fe,2024-10-16,35.63,10842
Santa Fe,2024-09-23,12.84,10843
Santa Fe,2025-02-11,34.27,10844
Santa Fe,2024-04-28,30.28,10845
Santa Fe,2024-03-30,43.37,10846
Lexington,2025-01-29,46.62,10847
Lexington,2024-07-01,13.28,10848
Lexington,2024-11-03,30.18,10849
Lexington,2024-11-01,42.31,10850
Lexington,2025-01-21,12.33,10851
Lexington,2024-03-28,9.24,10852
Lexington,2024-06-21,45.45,10853
Lexington,2024-11-27,20.33,10854
Lexington,2025-01-14,39.89,10855
Lexington,2024-12-24,41.59,10856
Lexington,2024-11-16,36.55,10857
Lexington,2024-08-24,48.86,10858
Lexington,2024-03-25,10.15,10859
Lexington,2024-10-20,37.83,10860
Lexington,2024-04-03,38.99,10861
Lexington,2024-08-27,40.9,10862
Lexington,2024-11-30,49.09,10863
Lexington,2024-05-10,42.88,10864
Lexington,2024-08-09,36.76,10865
Lexington,2024-07-02,31.03,10866
Lexington,2024-08-21,36.29,10867
Lexington,2024-10-01,15.3,10868
Lexington,2024-10-03,26.55,10869
Lubbock,2024-07-19,35.68,10870
Lubbock,2024-11-24,8.62,10871
Lubbock,2024-08-04,12.19,10872
Lubbock,2024-09-02,23.88,10873
Lubbock,2025-01-24,38.3,10874
Lubbock,2025-02-13,14.4,10875
Lubbock,2024-10-09,12.23,10876
Lubbock,2024-09-07,22.98,10877
Lubbock,2024-10-16,16.92,10878
Lubbock,2025-03-07,16.21,10879
Lubbock,2024-11-23,24.76,10880
Lubbock,2025-01-21,21.39,10881
Lubbock,2024-11-15,30.19,10882
Lubbock,2024-06-10,22.6,10883
Lubbock,2025-01-06,7.65,10884
Lubbock,2024-07-30,32.9,10885
New York,2024-11-28,9.27,10886
New York,2025-01-27,25.08,10887
New York,2024-12-03,18.01,10888
New York,2024-06-18,21.0,10889
New York,2025-01-12,11.65,10890
New York,2024-12-03,7.99,10891
New York,2024-11-15,49.91,10892
New York,2024-11-25,11.35,10893
New York,2024-09-20,23.05,10894
New York,2024-08-19,28.66,10895
New York,2025-02-10,17.38,10896
New York,2024-07-23,22.21,10897
New York,2024-05-04,46.58,10898
New York,2024-09-22,5.41,10899
New York,2025-02-08,41.6,10900
New York,2024-06-14,17.91,10901
New York,2025-03-07,23.13,10902
New York,2024-07-02,32.66,10903
New York,2024-04-28,33.74,10904
New York,2025-02-13,10.35,10905
New York,2024-07-16,23.65,10906
New York,2024-07-10,25.03,10907
New York,2024-04-26,34.48,10908
New York,2024-10-12,25.29,10909
New York,2024-09-19,32.18,10910
New York,2025-01-11,8.85,10911
New York,2025-01-05,17.5,10912
New York,2024-06-23,26.86,10913
New York,2024-11-16,18.21,10914
New York,2024-12-16,15.02,10915
New York,2024-03-15,27.91,10916
New York,2024-08-08,43.76,10917
New York,2024-07-08,24.98,10918
New York,2025-02-20,29.05,10919
New York,2024-09-26,47.21,10920
New York,2024-03-24,25.83,10921
New York,2024-04-05,47.45,10922
New York,2024-04-12,6.45,10923
New York,2025-01-29,24.23,10924
New York,2024-05-02,26.55,10925
New York,2025-02-04,47.31,10926
New York,2024-10-16,34.27,10927
New York,2024-12-22,37.09,10928
New York,2024-12-28,42.93,10929
New York,2024-08-29,16.18,10930
Los Angeles,2024-10-29,10.15,10931
Los Angeles,2025-01-11,36.96,10932
Los Angeles,2024-03-28,23.25,10933
Los Angeles,2024-04-30,45.0,10934
Los Angeles,2024-05-19,36.3,10935
Los Angeles,2024-04-27,32.95,10936
Los Angeles,2024-07-20,16.42,10937
Los Angeles,2024-12-05,44.12,10938
Los Angeles,2025-01-23,20.32,10939
Los Angeles,2024-10-14,22.05,10940
Los Angeles,2024-09-05,33.15,10941
Los Angeles,2024-08-24,38.84,10942
Los Angeles,2024-04-27,34.6,10943
Los Angeles,2024-08-03,8.65,10944
Los Angeles,2024-09-15,9.18,10945
Los Angeles,2024-07-17,6.23,10946
Los Angeles,2024-09-14,7.75,10947
Los Angeles,2024-05-08,29.93,10948
Los Angeles,2025-03-03,43.35,10949
Los Angeles,2024-05-10,15.28,10950
Los Angeles,2024-03-21,29.85,10951
Los Angeles,2024-06-09,35.73,10952
Los Angeles,2024-10-03,19.24,10953
Los Angeles,2024-03-15,39.01,10954
Los Angeles,2024-05-22,15.12,10955
Los Angeles,2024-03-21,45.05,10956
Los Angeles,2024-12-11,35.03,10957
Los Angeles,2024-08-30,35.29,10958
Los Angeles,2024-04-05,47.15,10959
Los Angeles,2024-05-15,21.25,10960
Los Angeles,2024-11-26,32.36,10961
Los Angeles,2024-05-05,18.21,10962
Los Angeles,2024-11-07,43.09,10963
Los Angeles,2024-11-20,15.41,10964
Los Angeles,2024-09-05,27.81,10965
Los Angeles,2024-10-04,25.11,10966
Los Angeles,2024-07-07,38.34,10967
Los Angeles,2024-08-16,37.79,10968
Los Angeles,2024-06-19,21.48,10969
Los Angeles,2024-04-12,30.97,10970
Los Angeles,2024-06-02,40.16,10971
Los Angeles,2024-12-04,12.21,10972
Los Angeles,2024-05-19,27.7,10973
Los Angeles,2024-06-18,43.46,10974
Los Angeles,2024-04-24,25.54,10975
Los Angeles,2024-09-17,36.16,10976
Los Angeles,2024-05-25,14.45,10977
Los Angeles,2024-10-17,26.67,10978
Los Angeles,2024-09-24,16.09,10979
Los Angeles,2024-10-30,19.84,10980
Chicago,2024-05-06,46.94,10981
Chicago,2024-06-26,42.77,10982
Chicago,2024-07-06,41.52,10983
Chicago,2024-05-08,41.72,10984
Chicago,2024-06-16,16.94,10985
Chicago,2024-11-08,41.54,10986
Chicago,2024-06-24,8.21,10987
Chicago,2025-02-08,25.88,10988
Chicago,2024-07-28,25.86,10989
Chicago,2024-12-23,37.94,10990
Chicago,2024-08-15,25.78,10991
Chicago,2025-03-04,33.42,10992
Chicago,2024-05-13,16.22,10993
Chicago,2024-04-19,44.73,10994
Chicago,2024-07-28,20.63,10995
Chicago,2024-07-15,5.92,10996
Chicago,2024-05-14,44.17,10997
Chicago,2024-06-17,38.9,10998
Chicago,2024-09-10,22.75,10999
Chicago,2024-07-27,22.9,11000
Chicago,2024-03-22,29.02,11001
Chicago,2024-05-26,16.3,11002
Chicago,2025-02-08,39.66,11003
Chicago,2024-08-28,47.98,11004
Chicago,2024-11-06,33.9,11005
Chicago,2024-11-19,28.78,11006
Chicago,2025-01-04,9.88,11007
Chicago,2025-03-09,45.99,11008
Chicago,2024-08-07,43.1,11009
Chicago,2024-11-10,7.18,11010
Chicago,2024-10-15,7.39,11011
Chicago,2024-12-27,12.75,11012
Chicago,2025-02-22,45.02,11013
Chicago,2024-09-27,9.91,11014
Chicago,2024-11-08,34.44,11015
Chicago,2025-02-05,40.4,11016
Chicago,2024-11-29,30.33,11017
Chicago,2024-10-31,10.08,11018
Chicago,2024-04-15,34.65,11019
Chicago,2025-01-08,26.45,11020
Chicago,2024-04-07,39.61,11021
Chicago,2024-07-12,35.15,11022
Chicago,2024-08-05,10.16,11023
Chicago,2024-07-23,37.02,11024
Chicago,2024-09-03,30.57,11025
Chicago,2025-02-23,40.27,11026
Chicago,2024-09-30,46.52,11027
Chicago,2025-02-27,38.6,11028
Chicago,2024-11-07,12.81,11029
Houston,2024-08-23,33.92,11030
Houston,2024-11-23,7.14,11031
Houston,2024-05-30,25.52,11032
Houston,2024-12-05,38.04,11033
Houston,2025-02-25,29.84,11034
Houston,2025-03-09,32.34,11035
Houston,2025-02-18,26.87,11036
Houston,2024-04-19,26.38,11037
Houston,2024-05-29,35.92,11038
Houston,2024-12-11,24.99,11039
Houston,2024-10-25,14.39,11040
Houston,2024-12-27,11.74,11041
Houston,2025-01-18,35.59,11042
Houston,2025-03-11,15.33,11043
Houston,2024-03-29,30.92,11044
Houston,2024-04-15,9.07,11045
Houston,2024-09-02,34.82,11046
Houston,2024-10-29,45.79,11047
Houston,2024-07-11,36.9,11048
Houston,2024-07-04,39.48,11049
Houston,2024-05-04,8.61,11050
Houston,2024-08-04,12.17,11051
Houston,2025-02-13,32.82,11052
Houston,2024-12-14,25.38,11053
Houston,2025-01-19,5.3,11054
Houston,2024-10-06,43.78,11055
Houston,2025-02-23,49.27,11056
Houston,2024-08-07,8.87,11057
Houston,2024-04-09,11.41,11058
Houston,2024-05-30,45.27,11059
Houston,2024-11-09,46.72,11060
Houston,2024-12-19,17.79,11061
Houston,2024-05-21,19.15,11062
Houston,2024-05-09,21.41,11063
Houston,2024-12-21,45.98,11064
Houston,2024-10-24,23.17,11065
Houston,2024-10-30,7.92,11066
Houston,2024-09-07,26.89,11067
Houston,2024-07-21,5.41,11068
Houston,2024-07-15,36.0,11069
Houston,2024-10-29,43.0,11070
Houston,2024-09-23,33.72,11071
Houston,2024-12-15,42.04,11072
Houston,2024-04-11,34.43,11073
Houston,2024-08-22,29.62,11074
Phoenix,2024-10-20,41.22,11075
Phoenix,2024-10-07,28.18,11076
Phoenix,2025-02-25,42.31,11077
Phoenix,2024-07-29,48.61,11078
Phoenix,2024-06-22,25.83,11079
Phoenix,2025-03-01,42.82,11080
Phoenix,2024-10-23,26.32,11081
Phoenix,2024-04-26,32.05,11082
Phoenix,2025-02-13,27.49,11083
Phoenix,2024-11-12,44.79,11084
Phoenix,2024-08-10,31.44,11085
Phoenix,2024-12-02,9.01,11086
Phoenix,2025-01-06,19.97,11087
Phoenix,2024-10-05,44.81,11088
Phoenix,2024-08-29,8.34,11089
Phoenix,2025-01-07,44.74,11090
Phoenix,2024-05-17,49.75,11091
Phoenix,2024-12-23,14.99,11092
Phoenix,2024-04-19,16.73,11093
Phoenix,2024-08-06,35.76,11094
Phoenix,2024-06-25,16.81,11095
Phoenix,2024-06-16,9.72,11096
Phoenix,2025-01-23,40.33,11097
Phoenix,2025-01-07,47.3,11098
Phoenix,2024-11-29,5.42,11099
Phoenix,2025-02-17,25.81,11100
Phoenix,2024-08-05,7.72,11101
Phoenix,2024-09-29,17.64,11102
Phoenix,2024-09-22,7.57,11103
Phoenix,2024-03-30,19.1,11104
Philadelphia,2024-07-28,40.63,11105
Philadelphia,2025-01-17,19.16,11106
Philadelphia,2024-03-26,24.91,11107
Philadelphia,2024-05-20,44.99,11108
Philadelphia,2025-01-03,36.39,11109
Philadelphia,2024-04-07,38.87,11110
Philadelphia,2024-08-05,7.89,11111
Philadelphia,2024-04-13,49.11,11112
Philadelphia,2025-01-13,29.84,11113
Philadelphia,2024-12-04,26.93,11114
Philadelphia,2024-09-28,38.3,11115
Philadelphia,2024-06-28,16.79,11116
Philadelphia,2024-10-08,19.09,11117
Philadelphia,2024-11-21,47.74,11118
Philadelphia,2024-03-28,43.88,11119
Philadelphia,2024-07-04,15.81,11120
Philadelphia,2024-03-26,43.04,11121
Philadelphia,2024-03-28,40.81,11122
Philadelphia,2024-07-05,29.57,11123
Philadelphia,2024-08-03,18.47,11124
Philadelphia,2024-03-27,18.79,11125
Philadelphia,2025-02-12,17.41,11126
Philadelphia,2024-10-22,31.51,11127
Philadelphia,2025-02-22,18.98,11128
Philadelphia,2024-12-16,15.06,11129
Philadelphia,2025-01-28,46.71,11130
Philadelphia,2024-07-15,6.86,11131
Philadelphia,2025-02-19,30.24,11132
Philadelphia,2025-03-07,31.46,11133
Philadelphia,2024-06-06,31.65,11134
Philadelphia,2024-11-12,8.13,11135
Philadelphia,2024-04-03,17.51,11136
Philadelphia,2024-12-14,37.53,11137
Philadelphia,2024-07-17,27.78,11138
Philadelphia,2024-06-19,16.15,11139
Philadelphia,2024-10-15,48.35,11140
Philadelphia,2024-08-27,43.01,11141
Philadelphia,2024-07-27,25.41,11142
Philadelphia,2024-05-10,9.03,11143
Philadelphia,2025-01-24,12.47,11144
Philadelphia,2024-04-11,27.53,11145
Philadelphia,2024-12-16,9.1,11146
Philadelphia,2024-03-28,37.47,11147
Philadelphia,2024-09-24,33.07,11148
Philadelphia,2025-02-07,47.2,11149
San Antonio,2024-05-07,33.21,11150
San Antonio,2024-09-01,5.12,11151
San Antonio,2025-01-29,37.97,11152
San Antonio,2025-03-02,48.61,11153
San Antonio,2025-03-02,11.93,11154
San Antonio,2025-01-15,23.0,11155
San Antonio,2024-03-30,14.64,11156
San Antonio,2024-12-16,26.62,11157
San Antonio,2025-01-30,27.49,11158
San Antonio,2024-09-19,18.36,11159
San Antonio,2025-01-03,49.7,11160
San Antonio,2024-04-16,8.32,11161
San Antonio,2024-11-22,35.95,11162
San Antonio,2024-11-03,40.77,11163
San Antonio,2024-07-22,28.11,11164
San Antonio,2025-01-12,9.89,11165
San Antonio,2024-12-13,45.24,11166
San Antonio,2024-09-21,38.42,11167
San Antonio,2024-09-13,34.79,11168
San Antonio,2024-05-30,32.65,11169
San Antonio,2024-06-22,19.99,11170
San Antonio,2024-10-06,47.1,11171
San Antonio,2024-10-16,49.49,11172
San Antonio,2024-06-15,20.96,11173
San Antonio,2025-02-04,16.13,11174
San Antonio,2024-03-21,42.84,11175
San Antonio,2024-05-25,43.94,11176
San Antonio,2024-11-23,33.34,11177
San Antonio,2024-07-26,21.21,11178
San Antonio,2024-12-30,12.1,11179
San Antonio,2024-08-05,7.59,11180
San Antonio,2024-04-11,34.35,11181
San Antonio,2025-03-03,46.69,11182
San Antonio,2024-08-03,6.34,11183
San Antonio,2024-10-06,49.16,11184
San Antonio,2024-06-08,35.33,11185
San Antonio,2024-08-08,45.39,11186
San Antonio,2024-04-13,21.36,11187
San Antonio,2024-09-27,35.09,11188
San Antonio,2024-06-11,11.99,11189
San Antonio,2024-07-06,20.52,11190
San Antonio,2025-02-23,38.61,11191
San Diego,2024-12-20,10.77,11192
San Diego,2024-07-25,8.73,11193
San Diego,2024-05-20,24.23,11194
San Diego,2024-04-26,46.49,11195
San Diego,2024-08-05,29.09,11196
San Diego,2024-04-06,36.22,11197
San Diego,2024-04-11,45.34,11198
San Diego,2024-12-31,6.33,11199
San Diego,2024-09-27,41.62,11200
San Diego,2024-12-25,5.31,11201
San Diego,2024-09-30,9.16,11202
San Diego,2024-05-16,39.3,11203
San Diego,2024-07-10,48.01,11204
San Diego,2024-08-17,6.97,11205
San Diego,2024-05-29,37.07,11206
San Diego,2024-04-17,17.13,11207
San Diego,2024-05-10,32.72,11208
San Diego,2024-04-10,7.08,11209
San Diego,2024-11-24,14.54,11210
San Diego,2024-03-20,34.67,11211
San Diego,2024-12-08,38.79,11212
San Diego,2025-02-25,49.22,11213
Dallas,2024-08-03,23.77,11214
Dallas,2024-09-15,11.1,11215
Dallas,2025-02-18,36.49,11216
Dallas,2024-04-29,48.01,11217
Dallas,2024-03-30,34.89,11218
Dallas,2024-08-27,47.09,11219
Dallas,2024-09-27,12.03,11220
Dallas,2024-05-20,22.69,11221
Dallas,2024-06-21,44.41,11222
Dallas,2025-01-31,6.85,11223
Dallas,2024-06-16,22.28,11224
Dallas,2024-03-30,32.44,11225
Dallas,2024-05-15,42.33,11226
Dallas,2025-03-13,20.25,11227
Dallas,2024-11-29,31.96,11228
Dallas,2024-04-07,27.49,11229
Dallas,2025-01-02,34.28,11230
Dallas,2024-10-31,45.33,11231
Dallas,2024-06-10,47.22,11232
Dallas,2024-11-23,44.29,11233
Dallas,2024-10-10,36.48,11234
Dallas,2024-06-30,41.81,11235
Dallas,2024-10-10,38.88,11236
Dallas,2024-05-06,48.51,11237
Dallas,2024-07-09,18.07,11238
Dallas,2024-06-11,43.5,11239
San Jose,2024-11-26,30.71,11240
San Jose,2024-03-26,43.85,11241
San Jose,2025-02-16,21.62,11242
San Jose,2025-01-24,46.31,11243
San Jose,2024-10-25,14.4,11244
San Jose,2024-07-19,19.86,11245
San Jose,2024-10-12,36.54,11246
San Jose,2024-08-08,24.87,11247
San Jose,2024-08-15,6.91,11248
San Jose,2024-07-30,39.79,11249
San Jose,2024-05-25,46.94,11250
San Jose,2024-10-17,23.45,11251
San Jose,2024-04-02,21.93,11252
San Jose,2024-08-05,20.53,11253
San Jose,2024-07-26,45.59,11254
San Jose,2024-08-11,37.22,11255
San Jose,2024-07-05,31.6,11256
San Jose,2024-08-28,26.51,11257
San Jose,2024-06-09,10.13,11258
San Jose,2024-12-22,23.34,11259
San Jose,2024-05-14,46.86,11260
San Jose,2024-07-15,28.83,11261
San Jose,2024-05-30,43.05,11262
San Jose,2024-04-07,40.32,11263
San Jose,2024-11-30,24.54,11264
San Jose,2024-04-14,42.0,11265
Austin,2025-01-12,44.01,11266
Austin,2024-04-06,41.53,11267
Austin,2024-07-04,46.34,11268
Austin,2024-07-05,8.03,11269
Austin,2024-07-23,37.64,11270
Austin,2025-02-19,14.98,11271
Austin,2024-11-07,38.32,11272
Austin,2024-11-17,45.94,11273
Austin,2024-09-14,35.47,11274
Austin,2024-11-03,24.1,11275
Austin,2025-01-27,29.79,11276
Austin,2024-07-01,10.41,11277
Austin,2024-05-07,41.97,11278
Austin,2025-01-28,30.08,11279
Austin,2024-10-02,21.52,11280
Austin,2024-03-15,37.06,11281
Austin,2024-04-22,8.94,11282
Austin,2024-04-28,10.81,11283
Austin,2024-06-10,22.1,11284
Austin,2025-03-05,10.73,11285
Austin,2024-08-21,27.95,11286
Austin,2024-11-10,43.38,11287
Austin,2025-02-03,16.78,11288
Austin,2024-11-17,24.06,11289
Austin,2024-07-03,45.34,11290
Austin,2024-12-15,14.89,11291
Austin,2024-06-02,48.21,11292
Austin,2024-11-27,37.84,11293
Austin,2025-02-25,29.56,11294
Austin,2024-05-14,38.15,11295
Austin,2024-04-14,41.9,11296
Austin,2024-12-11,38.74,11297
Austin,2024-03-25,46.0,11298
Austin,2024-08-10,38.51,11299
Austin,2024-03-16,17.78,11300
Austin,2025-02-10,39.38,11301
Austin,2024-07-08,42.02,11302
Austin,2024-10-26,8.81,11303
Austin,2025-01-20,37.94,11304
Austin,2024-07-18,44.33,11305
Austin,2024-05-18,18.91,11306
Austin,2024-05-16,43.59,11307
Austin,2024-04-02,17.74,11308
Jacksonville,2024-06-08,45.11,11309
Jacksonville,2024-05-27,19.39,11310
Jacksonville,2024-12-11,45.6,11311
Jacksonville,2024-11-24,25.21,11312
Jacksonville,2024-09-11,21.13,11313
Jacksonville,2024-07-01,47.1,11314
Jacksonville,2024-09-15,27.63,11315
Jacksonville,2024-08-22,9.56,11316
Jacksonville,2024-10-15,14.68,11317
Jacksonville,2024-05-05,6.57,11318
Jacksonville,2024-08-04,40.25,11319
Jacksonville,2024-07-13,7.54,11320
Jacksonville,2025-03-14,45.98,11321
Jacksonville,2024-05-19,32.84,11322
Jacksonville,2024-11-02,33.11,11323
Jacksonville,2024-05-07,9.4,11324
Jacksonville,2024-09-25,6.7,11325
Jacksonville,2025-01-20,5.84,11326
Jacksonville,2025-02-10,25.59,11327
Jacksonville,2024-07-25,17.39,11328
Jacksonville,2024-06-18,20.79,11329
Jacksonville,2025-01-27,41.2,11330
Jacksonville,2024-08-08,40.55,11331
Fort Worth,2024-12-29,6.96,11332
Fort Worth,2024-12-22,34.44,11333
Fort Worth,2024-12-10,15.74,11334
Fort Worth,2025-01-29,10.49,11335
Fort Worth,2024-12-24,19.41,11336
Fort Worth,2025-01-31,12.97,11337
Fort Worth,2024-11-23,34.63,11338
Fort Worth,2024-10-22,21.91,11339
Fort Worth,2024-11-05,45.65,11340
Fort Worth,2024-07-15,15.52,11341
Fort Worth,2024-09-29,33.52,11342
Fort Worth,2024-04-09,43.26,11343
Fort Worth,2024-12-26,6.78,11344
Fort Worth,2024-08-24,11.1,11345
Fort Worth,2024-08-30,29.82,11346
Fort Worth,2024-05-26,11.26,11347
Fort Worth,2025-02-28,36.64,11348
Fort Worth,2024-10-03,21.23,11349
Fort Worth,2024-09-12,30.82,11350
Fort Worth,2024-12-22,16.79,11351
Fort Worth,2024-09-25,12.32,11352
Fort Worth,2024-05-14,9.7,11353
Fort Worth,2024-12-25,12.86,11354
Fort Worth,2025-03-13,29.52,11355
Fort Worth,2024-09-09,22.59,11356
Fort Worth,2024-07-05,44.4,11357
Fort Worth,2024-11-22,40.41,11358
Fort Worth,2025-03-03,10.78,11359
Fort Worth,2024-05-13,47.3,11360
Fort Worth,2024-05-22,22.73,11361
Fort Worth,2024-07-19,7.77,11362
Fort Worth,2024-07-12,37.45,11363
Fort Worth,2024-03-25,43.71,11364
Fort Worth,2024-07-27,7.71,11365
Fort Worth,2024-09-18,29.04,11366
Fort Worth,2025-01-05,30.36,11367
Fort Worth,2025-02-09,25.39,11368
Fort Worth,2024-03-30,43.2,11369
Fort Worth,2024-05-06,21.65,11370
Fort Worth,2024-11-01,24.55,11371
Fort Worth,2024-06-28,22.41,11372
Fort Worth,2024-11-17,40.81,11373
Fort Worth,2024-10-11,47.7,11374
Fort Worth,2025-01-16,31.39,11375
Fort Worth,2024-09-03,8.22,11376
Fort Worth,2024-11-28,8.9,11377
Fort Worth,2024-09-23,45.1,11378
Columbus,2024-05-06,9.91,11379
Columbus,2025-03-02,21.05,11380
Columbus,2024-05-03,40.39,11381
Columbus,2024-10-30,11.37,11382
Columbus,2024-07-11,7.12,11383
Columbus,2024-08-03,49.29,11384
Columbus,2024-12-04,33.35,11385
Columbus,2025-01-12,15.94,11386
Columbus,2025-01-18,48.26,11387
Columbus,2024-03-27,5.1,11388
Columbus,2024-12-24,37.09,11389
Columbus,2025-02-19,7.6,11390
Columbus,2025-02-28,22.83,11391
Columbus,2024-05-10,14.33,11392
Columbus,2024-04-05,20.71,11393
Columbus,2024-04-07,36.14,11394
Columbus,2025-01-25,22.16,11395
Columbus,2024-10-03,23.37,11396
Columbus,2024-12-08,31.74,11397
Columbus,2025-01-08,45.66,11398
Columbus,2024-11-21,37.86,11399
Columbus,2025-02-24,37.45,11400
Columbus,2024-08-13,18.53,11401
Columbus,2025-01-01,30.12,11402
Columbus,2024-05-10,15.96,11403
Columbus,2025-03-02,13.55,11404
Columbus,2024-07-27,49.83,11405
Columbus,2025-02-24,22.04,11406
San Francisco,2024-03-23,46.75,11407
San Francisco,2024-07-04,47.92,11408
San Francisco,2025-02-15,37.77,11409
San Francisco,2024-04-28,13.26,11410
San Francisco,2024-07-08,10.73,11411
San Francisco,2024-08-04,19.91,11412
San Francisco,2024-06-02,23.04,11413
San Francisco,2024-09-21,31.77,11414
San Francisco,2024-09-02,44.43,11415
San Francisco,2025-01-23,35.98,11416
San Francisco,2024-11-22,14.65,11417
San Francisco,2024-07-08,16.34,11418
San Francisco,2025-03-11,13.76,11419
San Francisco,2024-06-01,26.02,11420
San Francisco,2024-08-14,44.63,11421
San Francisco,2024-09-18,42.19,11422
San Francisco,2024-03-15,36.06,11423
San Francisco,2024-09-23,18.5,11424
San Francisco,2025-02-05,43.1,11425
San Francisco,2025-01-11,21.69,11426
San Francisco,2024-07-03,6.87,11427
San Francisco,2024-07-21,19.43,11428
San Francisco,2024-08-19,20.1,11429
San Francisco,2025-03-05,13.22,11430
San Francisco,2024-08-22,41.11,11431
San Francisco,2024-11-16,19.73,11432
Charlotte,2024-12-18,42.59,11433
Charlotte,2024-10-01,6.89,11434
Charlotte,2024-06-26,23.93,11435
Charlotte,2024-11-01,19.52,11436
Charlotte,2025-03-05,16.23,11437
Charlotte,2024-12-02,13.54,11438
Charlotte,2025-03-12,23.54,11439
Charlotte,2025-03-08,36.91,11440
Charlotte,2024-12-02,42.97,11441
Charlotte,2024-11-05,43.14,11442
Charlotte,2025-01-09,5.08,11443
Charlotte,2024-03-25,44.89,11444
Charlotte,2024-11-27,43.41,11445
Charlotte,2025-01-23,31.27,11446
Charlotte,2024-04-21,43.9,11447
Charlotte,2024-12-03,6.71,11448
Charlotte,2024-05-04,42.64,11449
Charlotte,2024-03-25,22.26,11450
Charlotte,2024-10-15,15.07,11451
Charlotte,2024-11-20,13.67,11452
Charlotte,2025-01-20,41.9,11453
Charlotte,2024-12-30,30.33,11454
Charlotte,2024-05-27,23.92,11455
Charlotte,2025-03-12,9.37,11456
Charlotte,2024-11-30,8.14,11457
Charlotte,2025-03-05,19.32,11458
Charlotte,2024-07-17,7.88,11459
Charlotte,2024-04-24,8.94,11460
Charlotte,2024-10-16,33.97,11461
Charlotte,2024-12-15,24.83,11462
Charlotte,2024-09-12,5.35,11463
Charlotte,2024-11-20,38.68,11464
Charlotte,2024-11-19,35.49,11465
Charlotte,2024-08-21,14.1,11466
Charlotte,2024-04-29,9.85,11467
Charlotte,2024-10-21,47.79,11468
Charlotte,2024-12-05,13.22,11469
Charlotte,2024-07-21,34.55,11470
Charlotte,2025-01-17,41.45,11471
Charlotte,2024-05-08,43.26,11472
Charlotte,2024-06-23,17.98,11473
Charlotte,2024-06-09,45.22,11474
Charlotte,2024-11-25,10.84,11475
Charlotte,2024-08-20,34.26,11476
Charlotte,2024-07-04,16.6,11477
Charlotte,2024-06-13,41.33,11478
Charlotte,2024-04-02,14.05,11479
Indianapolis,2024-03-29,40.75,11480
Indianapolis,2024-07-18,10.09,11481
Indianapolis,2025-02-08,16.27,11482
Indianapolis,2024-04-26,8.57,11483
Indianapolis,2024-03-27,40.93,11484
Indianapolis,2024-05-25,40.71,11485
Indianapolis,2024-05-24,40.97,11486
Indianapolis,2024-07-29,31.27,11487
Indianapolis,2025-02-11,7.43,11488
Indianapolis,2024-12-05,36.63,11489
Indianapolis,2024-06-10,10.39,11490
Indianapolis,2024-09-06,26.87,11491
Indianapolis,2024-05-02,32.04,11492
Indianapolis,2024-05-20,9.31,11493
Indianapolis,2024-09-13,31.93,11494
Indianapolis,2024-07-17,25.52,11495
Indianapolis,2025-03-11,5.1,11496
Indianapolis,2024-06-30,42.11,11497
Indianapolis,2025-02-18,42.48,11498
Indianapolis,2024-12-09,17.57,11499
Indianapolis,2024-12-22,20.92,11500
Indianapolis,2025-03-04,15.04,11501
Indianapolis,2024-06-03,15.25,11502
Indianapolis,2025-01-31,36.61,11503
Indianapolis,2024-08-14,23.24,11504
Indianapolis,2024-03-28,49.85,11505
Seattle,2024-05-05,10.67,11506
Seattle,2024-06-12,33.67,11507
Seattle,2024-08-01,42.26,11508
Seattle,2024-08-20,10.27,11509
Seattle,2025-03-02,37.15,11510
Seattle,2024-05-18,13.29,11511
Seattle,2025-02-06,22.51,11512
Seattle,2024-05-16,12.25,11513
Seattle,2024-08-28,34.11,11514
Seattle,2024-03-22,6.64,11515
Seattle,2024-03-26,18.96,11516
Seattle,2024-11-21,26.41,11517
Seattle,2024-06-09,28.21,11518
Seattle,2024-10-12,34.23,11519
Seattle,2024-12-09,19.38,11520
Seattle,2024-06-24,45.84,11521
Seattle,2024-04-15,45.7,11522
Seattle,2024-12-17,17.24,11523
Seattle,2024-04-12,33.59,11524
Seattle,2024-05-04,12.2,11525
Seattle,2024-06-19,9.58,11526
Seattle,2024-08-29,34.52,11527
Seattle,2025-02-26,33.17,11528
Seattle,2024-09-11,26.4,11529
Seattle,2024-07-31,41.86,11530
Seattle,2025-01-25,24.9,11531
Seattle,2024-03-29,15.39,11532
Seattle,2024-05-25,5.65,11533
Seattle,2025-02-13,40.26,11534
Seattle,2025-03-04,14.4,11535
Seattle,2024-09-18,44.15,11536
Seattle,2024-12-23,14.88,11537
Seattle,2025-01-10,43.28,11538
Seattle,2025-03-07,15.93,11539
Seattle,2024-11-25,33.9,11540
Seattle,2024-04-01,16.8,11541
Seattle,2024-10-14,31.41,11542
Seattle,2024-08-01,8.07,11543
Denver,2024-12-20,26.3,11544
Denver,2024-10-04,46.72,11545
Denver,2024-03-31,14.13,11546
Denver,2024-06-10,39.75,11547
Denver,2024-04-21,34.83,11548
Denver,2024-12-11,45.31,11549
Denver,2024-05-17,17.12,11550
Denver,2024-04-30,35.76,11551
Denver,2024-10-05,9.59,11552
Denver,2024-03-24,14.94,11553
Denver,2024-12-02,46.3,11554
Denver,2025-01-20,48.8,11555
Denver,2025-01-09,16.03,11556
Denver,2025-02-12,5.24,11557
Denver,2024-03-20,8.86,11558
Denver,2024-12-27,40.19,11559
Denver,2024-04-04,27.18,11560
Denver,2024-12-22,23.71,11561
Denver,2024-09-18,26.8,11562
Denver,2024-12-31,27.9,11563
Denver,2024-09-01,25.64,11564
Denver,2024-11-26,33.49,11565
Denver,2024-07-31,15.87,11566
Denver,2024-05-16,26.87,11567
Denver,2024-05-01,10.87,11568
Denver,2025-02-07,32.71,11569
Denver,2024-06-17,41.6,11570
Denver,2024-08-18,18.28,11571
Denver,2024-09-07,35.25,11572
Denver,2024-06-26,33.78,11573
Denver,2025-03-05,16.12,11574
Denver,2024-09-07,39.33,11575
Denver,2025-03-01,34.48,11576
Denver,2024-10-23,25.83,11577
Denver,2024-09-04,42.26,11578
Denver,2024-04-25,23.64,11579
Denver,2024-10-08,21.53,11580
Denver,2025-02-22,20.7,11581
Denver,2024-03-31,19.46,11582
Denver,2024-04-20,25.3,11583
Denver,2024-12-07,16.07,11584
Denver,2025-02-25,17.39,11585
Washington,2025-01-10,33.83,11586
Washington,2024-06-18,6.4,11587
Washington,2025-02-17,12.94,11588
Washington,2024-08-16,10.65,11589
Washington,2024-04-22,5.61,11590
Washington,2024-05-07,43.4,11591
Washington,2024-08-28,33.19,11592
Washington,2024-09-28,38.11,11593
Washington,2024-03-18,44.24,11594
Washington,2025-02-27,16.17,11595
Washington,2025-02-09,5.33,11596
Washington,2024-09-05,8.23,11597
Washington,2024-10-12,11.22,11598
Washington,2024-10-17,39.67,11599
Washington,2024-05-11,34.93,11600
Washington,2025-03-08,14.8,11601
Washington,2025-02-03,29.67,11602
Washington,2024-08-14,43.57,11603
Washington,2024-05-20,23.53,11604
Washington,2024-03-26,35.7,11605
Washington,2024-06-24,37.79,11606
Washington,2024-05-10,33.96,11607
Washington,2024-11-05,49.96,11608
Washington,2024-05-29,6.85,11609
Washington,2025-01-18,24.67,11610
Washington,2024-05-23,6.46,11611
Washington,2024-12-26,29.15,11612
Washington,2025-02-05,10.21,11613
Washington,2024-04-03,24.25,11614
Washington,2024-06-15,7.07,11615
Washington,2024-04-03,16.54,11616
Boston,2024-09-09,34.61,11617
Boston,2024-08-31,7.6,11618
Boston,2024-11-17,18.66,11619
Boston,2024-09-23,41.58,11620
Boston,2024-09-28,27.7,11621
Boston,2024-11-24,7.87,11622
Boston,2024-09-25,5.03,11623
Boston,2024-05-18,45.88,11624
Boston,2024-12-14,6.72,11625
Boston,2025-01-31,31.32,11626
Boston,2024-04-16,42.04,11627
Boston,2024-07-20,39.82,11628
Boston,2024-09-29,13.28,11629
Boston,2025-02-10,5.19,11630
Boston,2024-04-01,10.56,11631
Boston,2025-02-12,46.14,11632
Boston,2024-07-05,44.05,11633
Boston,2025-02-23,46.33,11634
Boston,2025-02-27,42.63,11635
Boston,2024-12-21,23.65,11636
Boston,2024-11-15,18.07,11637
Boston,2025-01-06,17.29,11638
Boston,2025-02-22,42.2,11639
Boston,2024-12-12,22.63,11640
Boston,2024-03-28,46.67,11641
Boston,2024-11-10,40.36,11642
Boston,2024-10-18,12.19,11643
Boston,2024-08-13,20.5,11644
Boston,2024-08-14,49.98,11645
Boston,2025-03-02,31.88,11646
Boston,2025-02-04,26.9,11647
Boston,2024-09-10,37.11,11648
Boston,2025-01-27,13.64,11649
Boston,2024-07-13,49.68,11650
Boston,2024-09-08,22.4,11651
Boston,2025-01-28,45.16,11652
Boston,2024-08-30,14.52,11653
Boston,2025-01-09,46.57,11654
Boston,2025-01-27,19.82,11655
Boston,2024-11-02,44.91,11656
Boston,2024-09-12,15.66,11657
Boston,2024-08-25,36.77,11658
Boston,2025-01-15,43.28,11659
Boston,2025-02-15,28.25,11660
Boston,2024-06-20,6.15,11661
Boston,2024-07-15,11.8,11662
Boston,2024-07-01,49.19,11663
Boston,2024-07-31,28.38,11664
Boston,2025-03-14,18.45,11665
El Paso,2024-04-18,12.86,11666
El Paso,2024-11-22,19.36,11667
El Paso,2024-09-11,49.3,11668
El Paso,2024-06-30,7.06,11669
El Paso,2024-07-15,24.45,11670
El Paso,2024-10-28,46.02,11671
El Paso,2024-05-02,38.24,11672
El Paso,2024-06-19,39.64,11673
El Paso,2024-11-19,19.7,11674
El Paso,2024-07-27,38.44,11675
El Paso,2024-10-04,8.94,11676
El Paso,2024-05-16,18.23,11677
El Paso,2024-11-24,15.26,11678
El Paso,2024-07-09,23.29,11679
El Paso,2024-06-11,32.63,11680
El Paso,2024-07-23,13.61,11681
El Paso,2024-11-16,21.08,11682
El Paso,2024-10-08,33.04,11683
El Paso,2025-02-10,41.49,11684
El Paso,2024-11-10,25.64,11685
El Paso,2024-09-14,20.37,11686
El Paso,2024-06-09,47.65,11687
El Paso,2024-04-01,49.23,11688
El Paso,2024-07-29,6.86,11689
El Paso,2024-07-21,6.4,11690
El Paso,2024-10-24,29.28,11691
El Paso,2024-12-11,20.44,11692
El Paso,2024-08-02,22.71,11693
El Paso,2024-07-12,8.25,11694
El Paso,2025-01-28,16.47,11695
El Paso,2024-10-30,34.11,11696
El Paso,2024-04-15,30.88,11697
El Paso,2024-06-08,10.68,11698
El Paso,2024-08-09,23.55,11699
El Paso,2024-12-10,49.54,11700
El Paso,2024-03-17,25.09,11701
El Paso,2024-07-31,34.19,11702
El Paso,2024-08-15,13.68,11703
El Paso,2024-06-30,15.1,11704
El Paso,2025-01-05,36.39,11705
El Paso,2024-12-12,8.22,11706
El Paso,2024-10-22,17.61,11707
Nashville,2025-01-02,40.9,11708
Nashville,2024-11-08,23.48,11709
Nashville,2024-05-11,43.41,11710
Nashville,2025-01-30,27.1,11711
Nashville,2024-04-06,21.17,11712
Nashville,2025-02-27,11.33,11713
Nashville,2024-12-15,19.51,11714
Nashville,2025-02-21,20.47,11715
Nashville,2024-08-01,5.51,11716
Nashville,2024-08-31,20.42,11717
Nashville,2024-09-12,37.63,11718
Nashville,2024-10-14,5.37,11719
Nashville,2024-06-07,39.22,11720
Nashville,2024-12-04,37.15,11721
Nashville,2025-03-04,9.02,11722
Nashville,2024-04-09,41.95,11723
Nashville,2025-01-02,48.53,11724
Nashville,2024-11-05,19.81,11725
Nashville,2024-04-12,35.32,11726
Nashville,2024-09-12,20.07,11727
Nashville,2024-07-10,32.12,11728
Nashville,2024-04-21,31.25,11729
Nashville,2024-12-22,41.39,11730
Nashville,2025-01-24,28.8,11731
Nashville,2024-06-05,22.16,11732
Nashville,2025-01-01,42.96,11733
Nashville,2024-09-22,17.72,11734
Nashville,2024-04-26,30.45,11735
Nashville,2024-09-20,25.05,11736
Nashville,2024-04-21,32.51,11737
Nashville,2024-11-18,47.32,11738
Nashville,2025-01-08,29.83,11739
Nashville,2024-06-20,33.64,11740
Nashville,2024-07-07,44.24,11741
Nashville,2025-02-13,9.96,11742
Nashville,2024-05-01,41.46,11743
Nashville,2024-08-01,47.81,11744
Nashville,2024-06-09,17.48,11745
Nashville,2024-06-11,25.06,11746
Nashville,2024-11-11,41.89,11747
Nashville,2024-07-17,28.95,11748
Nashville,2024-12-26,35.88,11749
Nashville,2024-10-11,33.87,11750
Nashville,2024-06-16,46.61,11751
Nashville,2025-01-30,30.92,11752
Nashville,2024-08-25,8.26,11753
Detroit,2024-08-17,47.56,11754
Detroit,2024-04-29,45.54,11755
Detroit,2024-04-07,14.38,11756
Detroit,2025-01-25,37.11,11757
Detroit,2025-01-27,32.35,11758
Detroit,2024-11-04,45.18,11759
Detroit,2025-01-06,32.03,11760
Detroit,2024-07-21,31.71,11761
Detroit,2024-04-13,42.08,11762
Detroit,2025-03-10,18.81,11763
Detroit,2024-11-03,43.65,11764
Detroit,2024-12-15,41.36,11765
Detroit,2024-09-09,35.99,11766
Detroit,2024-12-17,15.59,11767
Detroit,2024-10-07,38.37,11768
Detroit,2025-02-16,42.3,11769
Detroit,2025-01-07,6.76,11770
Detroit,2024-11-19,46.5,11771
Detroit,2024-10-04,30.75,11772
Detroit,2024-05-15,49.23,11773
Detroit,2025-01-07,35.38,11774
Detroit,2024-08-19,6.68,11775
Detroit,2024-03-25,17.97,11776
Detroit,2024-08-23,28.19,11777
Detroit,2025-02-08,29.78,11778
Detroit,2024-05-22,15.86,11779
Detroit,2025-01-17,20.96,11780
Detroit,2024-08-04,15.48,11781
Detroit,2025-03-10,36.72,11782
Detroit,2024-10-18,40.52,11783
Detroit,2024-03-19,23.41,11784
Detroit,2024-12-25,36.93,11785
Detroit,2024-05-10,8.97,11786
Detroit,2024-06-30,24.8,11787
Detroit,2024-10-21,38.56,11788
Detroit,2024-07-28,47.02,11789
Detroit,2024-03-18,32.21,11790
Detroit,2024-06-24,10.22,11791
Detroit,2025-01-16,15.56,11792
Detroit,2024-08-31,12.8,11793
Detroit,2025-03-12,23.05,11794
Detroit,2024-09-02,41.18,11795
Detroit,2024-12-10,18.33,11796
Detroit,2025-03-07,26.64,11797
Detroit,2024-10-23,41.98,11798
Detroit,2024-09-17,13.37,11799
Detroit,2024-08-28,11.26,11800
Detroit,2024-04-10,34.37,11801
Detroit,2024-09-06,10.1,11802
Detroit,2024-06-08,38.19,11803
Oklahoma City,2024-03-28,23.21,11804
Oklahoma City,2025-01-27,28.73,11805
Oklahoma City,2024-03-15,36.74,11806
Oklahoma City,2024-09-18,7.66,11807
Oklahoma City,2024-07-10,16.83,11808
Oklahoma City,2025-02-08,36.0,11809
Oklahoma City,2024-12-30,5.49,11810
Oklahoma City,2025-01-05,17.37,11811
Oklahoma City,2024-04-04,22.1,11812
Oklahoma City,2024-11-25,20.66,11813
Oklahoma City,2024-09-13,21.09,11814
Oklahoma City,2024-08-30,49.51,11815
Oklahoma City,2025-03-04,13.04,11816
Oklahoma City,2024-04-15,46.87,11817
Oklahoma City,2024-10-07,23.74,11818
Oklahoma City,2024-05-29,17.39,11819
Oklahoma City,2024-11-15,47.52,11820
Oklahoma City,2024-08-13,24.4,11821
Oklahoma City,2024-08-17,14.29,11822
Oklahoma City,2024-11-11,16.67,11823
Oklahoma City,2024-11-23,45.74,11824
Oklahoma City,2024-12-23,30.82,11825
Oklahoma City,2024-05-02,18.91,11826
Oklahoma City,2025-03-07,13.78,11827
Oklahoma City,2024-05-21,38.19,11828
Oklahoma City,2024-12-25,11.53,11829
Oklahoma City,2024-12-20,9.77,11830
Oklahoma City,2024-12-31,47.42,11831
Oklahoma City,2024-06-03,48.49,11832
Oklahoma City,2025-03-10,47.65,11833
Oklahoma City,2024-05-03,41.53,11834
Oklahoma City,2024-04-24,12.6,11835
Oklahoma City,2024-12-26,39.06,11836
Oklahoma City,2024-08-14,30.98,11837
Oklahoma City,2024-09-28,11.72,11838
Oklahoma City,2024-04-10,41.32,11839
Oklahoma City,2025-02-25,49.4,11840
Oklahoma City,2024-07-26,46.92,11841
Oklahoma City,2024-07-31,24.32,11842
Oklahoma City,2024-03-22,22.32,11843
Oklahoma City,2024-10-02,25.21,11844
Oklahoma City,2024-12-12,28.81,11845
Oklahoma City,2024-03-17,8.3,11846
Oklahoma City,2025-03-13,15.12,11847
Oklahoma City,2024-12-28,13.88,11848
Oklahoma City,2024-07-05,33.17,11849
Oklahoma City,2024-06-24,16.42,11850
Oklahoma City,2024-11-02,37.56,11851
Portland,2024-07-26,22.57,11852
Portland,2024-08-12,9.27,11853
Portland,2024-07-30,11.34,11854
Portland,2024-11-27,33.69,11855
Portland,2024-07-30,47.1,11856
Portland,2024-11-16,40.26,11857
Portland,2024-09-28,20.65,11858
Portland,2025-02-23,46.12,11859
Portland,2024-10-01,40.73,11860
Portland,2024-06-26,31.77,11861
Portland,2024-09-30,21.03,11862
Portland,2024-07-22,16.19,11863
Portland,2024-12-03,26.32,11864
Portland,2024-11-26,49.2,11865
Portland,2024-03-16,15.65,11866
Portland,2024-08-06,27.68,11867
Portland,2024-07-26,34.97,11868
Portland,2024-12-12,11.8,11869
Portland,2025-02-15,8.07,11870
Portland,2024-07-02,17.56,11871
Portland,2024-05-13,44.45,11872
Portland,2024-08-30,30.68,11873
Portland,2024-05-16,49.53,11874
Portland,2024-10-19,45.92,11875
Las Vegas,2025-03-04,36.96,11876
Las Vegas,2024-03-26,10.97,11877
Las Vegas,2025-02-08,22.16,11878
Las Vegas,2024-09-26,24.17,11879
Las Vegas,2024-07-26,42.84,11880
Las Vegas,2024-12-19,19.45,11881
Las Vegas,2025-02-17,17.71,11882
Las Vegas,2024-11-19,15.35,11883
Las Vegas,2024-12-15,38.61,11884
Las Vegas,2025-03-09,11.5,11885
Las Vegas,2024-06-03,44.56,11886
Las Vegas,2024-08-07,5.58,11887
Las Vegas,2024-03-29,25.25,11888
Las Vegas,2024-09-06,38.19,11889
Las Vegas,2024-12-11,28.7,11890
Las Vegas,2025-02-08,49.09,11891
Las Vegas,2024-06-17,18.23,11892
Las Vegas,2024-07-18,48.33,11893
Las Vegas,2025-01-15,32.66,11894
Las Vegas,2024-05-25,13.95,11895
Las Vegas,2024-07-13,24.84,11896
Las Vegas,2024-06-08,10.78,11897
Las Vegas,2024-06-02,31.93,11898
Las Vegas,2024-07-18,39.61,11899
Las Vegas,2025-02-25,20.28,11900
Las Vegas,2024-05-09,33.01,11901
Las Vegas,2025-02-20,15.67,11902
Las Vegas,2024-06-02,46.64,11903
Las Vegas,2024-06-25,21.91,11904
Memphis,2024-10-04,17.77,11905
Memphis,2024-04-21,7.47,11906
Memphis,2024-08-11,16.73,11907
Memphis,2024-03-24,48.77,11908
Memphis,2024-08-03,39.59,11909
Memphis,2024-04-22,46.61,11910
Memphis,2024-04-10,12.26,11911
Memphis,2025-02-26,48.85,11912
Memphis,2024-08-02,12.5,11913
Memphis,2024-03-15,28.29,11914
Memphis,2025-03-03,7.13,11915
Memphis,2024-12-21,49.64,11916
Memphis,2024-10-12,20.7,11917
Memphis,2024-03-23,6.91,11918
Memphis,2024-04-01,37.39,11919
Memphis,2025-01-08,47.64,11920
Memphis,2024-04-04,41.87,11921
Memphis,2024-06-08,32.05,11922
Memphis,2024-09-26,10.0,11923
Memphis,2024-09-16,13.71,11924
Memphis,2024-05-30,45.64,11925
Memphis,2024-04-01,11.25,11926
Memphis,2024-08-04,27.89,11927
Memphis,2025-02-06,25.95,11928
Memphis,2024-10-08,14.28,11929
Memphis,2024-06-19,30.78,11930
Memphis,2024-08-18,7.02,11931
Memphis,2025-01-23,20.8,11932
Memphis,2024-05-30,47.17,11933
Memphis,2024-11-03,20.15,11934
Memphis,2024-03-27,43.33,11935
Memphis,2024-06-19,44.23,11936
Memphis,2025-01-12,19.89,11937
Memphis,2024-11-09,37.78,11938
Memphis,2024-12-12,28.1,11939
Memphis,2024-08-16,23.29,11940
Memphis,2024-05-31,20.44,11941
Memphis,2024-11-26,45.0,11942
Louisville,2025-01-24,26.0,11943
Louisville,2024-08-16,34.63,11944
Louisville,2024-06-18,40.89,11945
Louisville,2024-08-10,36.01,11946
Louisville,2024-07-07,20.41,11947
Louisville,2024-08-25,24.68,11948
Louisville,2024-10-04,15.95,11949
Louisville,2024-10-26,40.69,11950
Louisville,2024-05-22,43.39,11951
Louisville,2025-03-06,26.32,11952
Louisville,2024-07-29,29.34,11953
Louisville,2024-11-22,49.8,11954
Louisville,2024-05-30,10.06,11955
Louisville,2024-12-01,9.43,11956
Louisville,2024-09-04,13.32,11957
Louisville,2024-08-15,48.17,11958
Louisville,2024-04-06,9.28,11959
Louisville,2024-03-31,23.05,11960
Louisville,2024-05-02,31.17,11961
Louisville,2024-07-28,42.66,11962
Louisville,2024-03-21,5.78,11963
Louisville,2024-07-13,7.54,11964
Louisville,2024-09-13,32.01,11965
Louisville,2024-10-18,43.25,11966
Louisville,2024-10-27,46.59,11967
Louisville,2024-11-02,42.23,11968
Louisville,2025-01-12,32.08,11969
Louisville,2024-12-16,22.04,11970
Louisville,2024-04-17,42.18,11971
Louisville,2024-12-02,40.22,11972
Louisville,2024-06-01,40.44,11973
Louisville,2024-03-19,25.19,11974
Louisville,2024-08-22,32.92,11975
Louisville,2024-05-13,27.3,11976
Louisville,2025-01-11,15.97,11977
Louisville,2024-11-22,5.58,11978
Louisville,2024-12-26,27.27,11979
Louisville,2024-09-09,18.94,11980
Louisville,2024-10-09,35.9,11981
Louisville,2024-08-22,18.47,11982
Baltimore,2024-09-19,9.99,11983
Baltimore,2025-02-13,37.62,11984
Baltimore,2024-06-20,7.04,11985
Baltimore,2024-10-16,42.86,11986
Baltimore,2024-10-14,13.5,11987
Baltimore,2025-01-17,44.63,11988
Baltimore,2025-03-04,7.28,11989
Baltimore,2024-10-03,21.85,11990
Baltimore,2024-11-10,27.23,11991
Baltimore,2024-07-11,8.93,11992
Baltimore,2025-01-20,5.96,11993
Baltimore,2024-08-03,42.55,11994
Baltimore,2024-10-28,36.03,11995
Baltimore,2024-03-30,16.43,11996
Baltimore,2025-02-19,16.58,11997
Baltimore,2024-11-11,6.2,11998
Baltimore,2025-01-23,27.33,11999
Baltimore,2024-10-25,23.78,12000
Baltimore,2024-11-11,6.12,12001
Baltimore,2024-07-03,28.0,12002
Baltimore,2024-10-14,39.28,12003
Baltimore,2024-11-01,47.8,12004
Baltimore,2024-09-25,10.57,12005
Baltimore,2024-03-17,19.77,12006
Baltimore,2024-09-19,10.2,12007
Baltimore,2025-01-24,5.74,12008
Baltimore,2024-06-30,16.7,12009
Baltimore,2025-01-12,27.45,12010
Baltimore,2025-01-28,20.93,12011
Baltimore,2024-12-02,18.08,12012
Baltimore,2024-07-16,44.28,12013
Baltimore,2024-11-30,15.36,12014
Baltimore,2024-09-23,39.05,12015
Baltimore,2024-10-18,24.72,12016
Baltimore,2024-12-17,49.29,12017
Baltimore,2024-09-11,45.12,12018
Baltimore,2024-11-09,34.58,12019
Baltimore,2024-11-17,34.57,12020
Baltimore,2024-11-03,25.14,12021
Baltimore,2024-05-05,45.58,12022
Baltimore,2025-03-04,22.1,12023
Baltimore,2024-05-16,20.03,12024
Baltimore,2025-02-12,26.64,12025
Milwaukee,2024-11-10,48.66,12026
Milwaukee,2024-08-12,36.51,12027
Milwaukee,2025-01-01,22.77,12028
Milwaukee,2024-12-26,23.34,12029
Milwaukee,2024-03-18,37.72,12030
Milwaukee,2024-08-06,31.52,12031
Milwaukee,2025-01-22,8.69,12032
Milwaukee,2024-05-21,31.3,12033
Milwaukee,2025-01-16,30.71,12034
Milwaukee,2024-07-02,37.99,12035
Milwaukee,2024-03-25,19.64,12036
Milwaukee,2024-12-01,48.96,12037
Milwaukee,2024-05-30,26.92,12038
Milwaukee,2024-10-27,36.86,12039
Milwaukee,2024-10-07,20.17,12040
Milwaukee,2024-07-16,22.07,12041
Milwaukee,2024-12-14,45.4,12042
Milwaukee,2024-10-08,44.47,12043
Milwaukee,2024-12-06,16.25,12044
Milwaukee,2024-11-06,5.29,12045
Milwaukee,2024-03-26,35.33,12046
Milwaukee,2024-06-12,47.53,12047
Milwaukee,2024-06-06,29.39,12048
Milwaukee,2024-05-16,19.21,12049
Albuquerque,2024-11-21,23.8,12050
Albuquerque,2024-08-07,33.57,12051
Albuquerque,2024-08-21,18.21,12052
Albuquerque,2024-09-05,25.98,12053
Albuquerque,2025-02-16,17.41,12054
Albuquerque,2024-06-02,7.17,12055
Albuquerque,2025-02-08,16.78,12056
Albuquerque,2024-10-13,38.83,12057
Albuquerque,2024-07-16,42.75,12058
Albuquerque,2024-06-14,43.13,12059
Albuquerque,2024-05-24,47.43,12060
Albuquerque,2024-12-05,45.37,12061
Albuquerque,2024-05-25,39.22,12062
Albuquerque,2025-02-07,8.33,12063
Albuquerque,2025-02-13,15.08,12064
Albuquerque,2024-12-10,43.42,12065
Albuquerque,2024-06-22,32.67,12066
Albuquerque,2025-03-14,48.11,12067
Albuquerque,2024-03-27,46.77,12068
Albuquerque,2024-08-25,44.19,12069
Albuquerque,2024-04-19,34.8,12070
Albuquerque,2024-06-03,46.11,12071
Albuquerque,2024-04-02,16.08,12072
Albuquerque,2024-06-05,12.55,12073
Albuquerque,2024-08-02,7.03,12074
Albuquerque,2025-03-08,33.51,12075
Albuquerque,2025-03-01,46.74,12076
Albuquerque,2024-08-17,41.22,12077
Albuquerque,2024-08-17,5.88,12078
Albuquerque,2025-02-03,27.11,12079
Albuquerque,2025-03-06,13.91,12080
Albuquerque,2024-10-23,42.19,12081
Albuquerque,2024-07-07,23.8,12082
Albuquerque,2024-05-11,5.17,12083
Albuquerque,2024-05-04,27.0,12084
Albuquerque,2025-03-03,28.52,12085
Albuquerque,2024-10-25,25.07,12086
Albuquerque,2024-10-01,46.82,12087
Albuquerque,2024-10-03,44.49,12088
Albuquerque,2025-03-11,36.88,12089
Albuquerque,2024-11-12,14.58,12090
Albuquerque,2024-08-11,12.76,12091
Albuquerque,2025-01-05,32.95,12092
Albuquerque,2024-06-12,20.18,12093
Tucson,2024-07-20,20.37,12094
Tucson,2024-09-17,15.61,12095
Tucson,2024-06-26,27.4,12096
Tucson,2024-07-29,33.53,12097
Tucson,2025-02-13,7.1,12098
Tucson,2025-02-23,44.8,12099
Tucson,2024-03-27,31.87,12100
Tucson,2024-11-13,24.0,12101
Tucson,2025-01-23,29.15,12102
Tucson,2024-06-23,44.11,12103
Tucson,2024-07-04,37.81,12104
Tucson,2025-02-12,15.96,12105
Tucson,2024-12-25,24.28,12106
Tucson,2024-07-06,37.86,12107
Tucson,2024-03-25,42.75,12108
Tucson,2024-07-11,29.26,12109
Tucson,2024-05-01,9.52,12110
Tucson,2024-11-05,22.67,12111
Tucson,2024-04-14,22.48,12112
Tucson,2025-02-26,28.47,12113
Tucson,2024-05-16,12.7,12114
Tucson,2024-11-11,41.71,12115
Tucson,2024-08-01,20.55,12116
Tucson,2025-01-08,34.41,12117
Tucson,2024-05-19,26.17,12118
Tucson,2024-07-11,35.07,12119
Tucson,2024-08-22,6.27,12120
Tucson,2024-11-20,32.35,12121
Fresno,2024-03-24,26.68,12122
Fresno,2024-12-27,32.43,12123
Fresno,2024-12-06,48.78,12124
Fresno,2024-07-27,43.52,12125
Fresno,2024-06-02,40.19,12126
Fresno,2024-09-10,30.07,12127
Fresno,2024-04-07,32.27,12128
Fresno,2024-04-02,14.43,12129
Fresno,2024-09-12,22.57,12130
Fresno,2025-03-05,28.02,12131
Fresno,2024-07-22,34.24,12132
Fresno,2024-05-13,20.0,12133
Fresno,2024-08-09,22.76,12134
Fresno,2025-02-15,16.03,12135
Fresno,2024-08-16,46.69,12136
Fresno,2024-03-22,44.52,12137
Fresno,2024-07-15,33.56,12138
Fresno,2024-03-17,24.0,12139
Fresno,2024-07-29,20.18,12140
Fresno,2025-02-08,36.39,12141
Fresno,2025-02-12,40.14,12142
Fresno,2024-12-18,16.04,12143
Fresno,2024-12-03,31.82,12144
Fresno,2024-05-28,38.29,12145
Fresno,2025-03-14,8.56,12146
Fresno,2024-06-20,14.6,12147
Fresno,2024-07-02,23.68,12148
Fresno,2024-05-09,37.09,12149
Fresno,2024-06-12,44.12,12150
Fresno,2024-08-10,44.28,12151
Fresno,2024-12-21,23.0,12152
Fresno,2024-04-11,36.33,12153
